Model,MAE,RMSE,R²,MAPE (%),Time (s)
LightGBM,4092.7851919340214,6301.44637949777,0.9943908713976048,3.6188798855491546,1.45
XGBoost,4078.09030226927,6332.17234222001,0.994336037619234,3.3206220189285247,3.11
CatBoost,4172.230625735111,6412.021889512514,0.9941922903023087,3.505727885265924,5.63
AdaBoost,5150.472201848831,7416.279802440961,0.9922306064575414,3.762621471238458,159.93
